GROUP,DENSITY,npp,biodiv,pathos,ID,DENZ,ID2,biodivZ,nppZ,pathosZ
Netsilik Inuit,0.0025,107.7059943,0.038545333,-0.931335918,HG,-0.659722222,0,-1.610390479,-1.412618296,-1.134596072
Utkuhikhalingmiut,0.0038,133.8123034,0.043994998,-0.959833334,HG,-0.656111111,0,-1.5714643,-1.374728152,-1.188364781
Copper Inuit,0.0043,141.628487,0.049675091,-0.947429508,HG,-0.654722222,0,-1.530892207,-1.363383909,-1.164961336
Ingulik Inuit,0.0018,146.5245493,0.034777847,-0.947526693,HG,-0.661666667,0,-1.637301093,-1.356277867,-1.165144704
Yukaghir,0.0061,148.1919617,0.073694789,-0.715392752,HG,-0.649722222,0,-1.359322936,-1.35385782,-0.727156136
Nganasan,0.0046,151.5808916,0.043012354,-0.709283124,HG,-0.653888889,0,-1.578483186,-1.348939199,-0.715628536
Monache,0.287,162.7471189,0.167183975,-0.721036086,HG,0.130555556,0,-0.691543036,-1.332732774,-0.737803936
Siberian Eskimo,0.047,165.8834675,0.084731669,-0.681886661,HG,-0.536111111,0,-1.280488079,-1.328180744,-0.663937096
Caribou Inuit,0.003,165.8834675,0.048520337,-0.971893803,HG,-0.658333333,0,-1.53914045,-1.328180744,-1.211120383
Nunamiut Inuit,0.0096,165.8834675,0.073598472,-0.878218965,HG,-0.64,0,-1.360010914,-1.328180744,-1.034375406
Polar Inuit,0.0041,167.7582278,0.031370222,-0.908415203,HG,-0.655277778,0,-1.661641271,-1.325459756,-1.09134944
Aivilingmiut Inuit,0.0032,169.6529077,0.045059049,-0.968727473,HG,-0.657777778,0,-1.563863936,-1.322709858,-1.205146175
Tareumiut Inuit,0.0386,177.4344959,0.059749462,-0.82661062,HG,-0.559444444,0,-1.458932414,-1.311415826,-0.93700117
Death Valley,0.0129,211.3090598,0.164160712,-0.72379418,HG,-0.630833333,0,-0.713137771,-1.262251002,-0.743007887
Hare,0.0033,231.5600522,0.082640618,-0.930802159,HG,-0.6575,0,-1.295424157,-1.23285914,-1.133588979
Guaicura,0.06,235.2774436,0.150222441,-0.274040854,HG,-0.5,0,-0.81269685,-1.227463797,0.105583294
Noatak Inuit,0.022,236.6972486,0.063027013,-0.858268589,HG,-0.605555556,0,-1.435521336,-1.225403122,-0.996733187
Kiliwa,0.1225,242.6108037,0.174001369,-0.522716516,HG,-0.326388889,0,-0.642847364,-1.216820314,-0.363616068
Arenda (southern),0.011,259.0398227,0.138146277,-0.483671048,HG,-0.636111111,0,-0.898955164,-1.192975584,-0.289945374
Cahuilla,0.4375,262.677402,0.191043103,-0.61249343,HG,0.548611111,0,-0.521120693,-1.187696078,-0.533006472
Fish Lake Paiute,0.0389,264.4943809,0.196665795,-0.752756693,HG,-0.558611111,0,-0.480958607,-1.185058954,-0.797654138
/Auni-khomani,0.0064,268.1247213,0.169485356,-0.163171319,HG,-0.648888889,0,-0.6751046,-1.179789955,0.314771096
Walapai,0.0386,273.5612003,0.188258976,-0.722568753,HG,-0.559444444,0,-0.541007314,-1.171899564,-0.74069576
Koyukon,0.0109,278.6567858,0.102973215,-0.893651933,HG,-0.636388889,0,-1.150191321,-1.164503939,-1.063494213
Satudene,0.0055,278.6567858,0.098035166,-0.944795684,HG,-0.651388889,0,-1.1854631,-1.164503939,-1.159991857
Point Hope Inuit,0.042,278.6567858,0.068740175,-0.830965013,HG,-0.55,0,-1.394713036,-1.164503939,-0.945217006
Seri,0.2548,282.5979678,0.17982893,-0.427364004,HG,0.041111111,0,-0.601221929,-1.158783791,-0.183705668
Deep Spring Paiute,0.0354,284.4017238,0.191474329,-0.73747545,HG,-0.568333333,0,-0.518040507,-1.156165858,-0.768821604
Kawaiisu Shoshoni,0.119,286.2042825,0.186344404,-0.673277071,HG,-0.336111111,0,-0.554682829,-1.153549663,-0.647692587
Tehuelche,0.0189,291.6047829,0.106862721,-0.715314818,HG,-0.614166667,0,-1.122409136,-1.145711491,-0.727009091
Kobuk Inuit,0.0267,294.0655189,0.088296041,-0.881986362,HG,-0.5925,0,-1.255028279,-1.142140031,-1.041483702
Cattail Paiute,0.22,295.1991446,0.181375728,-0.820389935,HG,-0.055555556,0,-0.590173371,-1.14049471,-0.925264028
Mountain,0.0078,297.2370165,0.124504995,-0.951573491,HG,-0.645,0,-0.996392893,-1.137536986,-1.172780172
Dieri,0.0193,298.7887361,0.138276998,-0.469308097,HG,-0.613055556,0,-0.898021443,-1.135284853,-0.262845466
Dogrib,0.0088,310.2291681,0.094660935,-0.962903497,HG,-0.642222222,0,-1.20956475,-1.118680453,-1.194157542
Lake Yokuts,0.381,316.6653628,0.219833805,-0.682127272,HG,0.391666667,0,-0.315472821,-1.109339096,-0.664391079
Panamint Shoshoni,0.0212,320.2264661,0.17829453,-0.713886044,HG,-0.607777778,0,-0.612181929,-1.104170586,-0.724313291
Tutchone,0.0092,334.1762024,0.118551259,-0.948017372,HG,-0.641111111,0,-1.038919579,-1.083924235,-1.166070513
Orogens,0.043,337.7263021,0.211133477,-0.393218872,HG,-0.547222222,0,-0.377618021,-1.078771695,-0.119280891
Kutchin,0.017,337.7263021,0.107624056,-0.926853614,HG,-0.619444444,0,-1.116971029,-1.078771695,-1.126138894
Han,0.018,341.3092874,0.111121896,-0.928613814,HG,-0.616666667,0,-1.091986457,-1.073571426,-1.129460026
Ooldea,0.0047,345.0222117,0.109734427,-0.436115141,HG,-0.653611111,0,-1.10189695,-1.068182566,-0.200217247
West Greenland,0.0473,352.2575705,0.043009096,-0.931899904,HG,-0.535277778,0,-1.578506457,-1.05768132,-1.135660196
Kotzebue Sound Inuit,0.0663,355.9741067,0.097352134,-0.86882512,HG,-0.4825,0,-1.1903419,-1.052287218,-1.01665117
Labrador Inuit,0.0278,375.0689606,0.076864782,-0.935897218,HG,-0.589444444,0,-1.336680129,-1.024573352,-1.143202298
Nakako,0.0087,376.5656273,0.11457835,-0.373541767,HG,-0.6425,0,-1.0672975,-1.022401121,-0.082154277
Naskapi,0.0042,378.9917215,0.086304902,-0.955531548,HG,-0.655,0,-1.2692507,-1.01887994,-1.180248204
Ngatatjara,0.004,381.786307,0.122113986,-0.332385302,HG,-0.655555556,0,-1.013471529,-1.014823938,-0.00450057
Chippewyan,0.0046,382.9495242,0.127518481,-0.982145431,HG,-0.653888889,0,-0.974867993,-1.013135669,-1.230463077
White Knife Shoshoni,0.1171,383.5242239,0.188031528,-0.846525832,HG,-0.341388889,0,-0.542631943,-1.012301562,-0.974577042
Yakima,0.27,383.5242239,0.21358822,-0.918623329,HG,0.083333333,0,-0.360084143,-1.012301562,-1.110610055
Great Whale Inuit,0.0186,395.0350514,0.096263699,-0.97249135,HG,-0.615,0,-1.198116436,-0.995594991,-1.21224783
Mardudjara,0.0075,397.3860935,0.114560559,-0.236962991,HG,-0.645833333,0,-1.067424579,-0.992182738,0.175541526
Ket,0.0164,403.2706728,0.161573213,-0.67552678,HG,-0.621111111,0,-0.731619907,-0.983641984,-0.651937321
Nabesna,0.00667,403.2706728,0.114973404,-0.935714785,HG,-0.648138889,0,-1.064475686,-0.983641984,-1.142858085
Pyramid Lake Paiute,0.1853,406.012444,0.205976265,-0.815652315,HG,-0.151944444,0,-0.41445525,-0.979662636,-0.916325123
Owens Valley Paiute,0.3804,414.6102025,0.223552901,-0.724020379,HG,0.39,0,-0.28890785,-0.967184031,-0.743434677
Saline Valley Shoshoni,0.0232,416.3263315,0.194444598,-0.715928888,HG,-0.602222222,0,-0.4968243,-0.964693278,-0.728167713
Ildawongga,0.0045,423.1794638,0.112654358,-0.298812644,HG,-0.654166667,0,-1.0810403,-0.954746787,0.058844068
Jankundjara,0.01,423.1794638,0.131715912,-0.449828808,HG,-0.638888889,0,-0.944886343,-0.954746787,-0.226092091
Rainroad Valley Shoshoni,0.0428,424.8899047,0.17778278,-0.784527026,HG,-0.547777778,0,-0.615837286,-0.952264289,-0.857598162
Koso Mountain Shoshoni,0.0857,430.0144183,0.194976853,-0.698304643,HG,-0.428611111,0,-0.493022479,-0.944826679,-0.694914421
Sivokamiut Inuit,0.15,433.2429043,0.04105451,-0.856185664,HG,-0.25,0,-1.592467786,-0.940140923,-0.99280314
Holikachuk,0.0152,437.6726459,0.105696422,-0.921255654,HG,-0.624444444,0,-1.130739843,-0.93371169,-1.115576706
Wind River Shoshoni,0.0187,440.2328722,0.228729334,-0.895374269,HG,-0.614722222,0,-0.251933329,-0.929995831,-1.066743904
Spring Valley Shoshoni,0.0609,445.326853,0.199331543,-0.818227501,HG,-0.4975,0,-0.46191755,-0.922602536,-0.921183964
Mistassini Cree,0.0058,446.6447582,0.120757432,-0.946179803,HG,-0.650555556,0,-1.0231612,-0.920689756,-1.162603402
Norton Sound Inuit,0.0761,446.6447582,0.104097123,-0.904863803,HG,-0.455277778,0,-1.142163407,-0.920689756,-1.084648685
Serrano,0.1758,448.7172072,0.177825862,-0.649101624,HG,-0.178333333,0,-0.615529557,-0.917681847,-0.602078536
/Xam,0.0243,455.4844235,0.243734853,-0.154677328,HG,-0.599166667,0,-0.14475105,-0.907860053,0.330797494
Montagnais,0.0041,455.7680801,0.118402843,-0.904472403,HG,-0.655277778,0,-1.039979693,-0.90744836,-1.083910194
Tahltan,0.0116,455.7680801,0.150181488,-0.962444908,HG,-0.634444444,0,-0.812989371,-0.90744836,-1.193292279
Coahuilenos,0.0168,457.173421,0.205038002,-0.185583392,HG,-0.62,0,-0.421157129,-0.905408678,0.272484166
Tenino,0.19,458.8612974,0.211221062,-0.913055431,HG,-0.138888889,0,-0.376992414,-0.90295893,-1.100104587
Slave,0.0055,460.3868231,0.137500383,-0.967503512,HG,-0.651388889,0,-0.903568693,-0.900744814,-1.202836815
Barkindji,0.1543,462.2336899,0.179047127,-0.464970437,HG,-0.238055556,0,-0.606806236,-0.898064311,-0.254661202
Karuwali,0.02,463.9182074,0.152476039,-0.435617897,HG,-0.611111111,0,-0.796599721,-0.895619438,-0.199279051
Harney Valley Paiute,0.0124,465.6016067,0.205703295,-0.895597315,HG,-0.632222222,0,-0.416405036,-0.893176188,-1.067164745
Salmon-eater Shoshoni,0.069,468.965054,0.206948815,-0.891664643,HG,-0.475,0,-0.407508464,-0.888294552,-1.059744609
Kawich Mountain Shoshoni,0.0199,474.0018573,0.168457083,-0.769793846,HG,-0.611388889,0,-0.682449407,-0.880984242,-0.829799709
Bannok,0.0231,474.0018573,0.213877855,-0.903099049,HG,-0.6025,0,-0.358015321,-0.880984242,-1.08131896
Ingalik,0.0271,474.4731272,0.116878552,-0.928493535,HG,-0.591388889,0,-1.050867486,-0.880300251,-1.129233085
Little Smokey Shoshoni,0.01822,484.0454138,0.191416437,-0.81039262,HG,-0.616055556,0,-0.518454021,-0.866407237,-0.90640117
Attawapiskat Cree,0.0143,484.0571194,0.108949582,-0.968721859,HG,-0.626944444,0,-1.107502986,-0.866390248,-1.205135583
Grouse Creek Shoshoni,0.0164,487.3843839,0.208511586,-0.868782475,HG,-0.621111111,0,-0.396345814,-0.861561126,-1.016570708
Reese River Shoshoni,0.167,492.3845324,0.18943808,-0.802951127,HG,-0.202777778,0,-0.532585143,-0.854304017,-0.892360617
Kaska,0.0066,493.7968499,0.145472873,-0.964438192,HG,-0.648333333,0,-0.846622336,-0.852254209,-1.197053192
Wenatchi,0.5017,495.7124356,0.25299082,-0.92675348,HG,0.726944444,0,-0.078637,-0.849473969,-1.125949962
Washo,0.149,497.3747306,0.227242877,-0.785524606,HG,-0.252777778,0,-0.262550879,-0.847061349,-0.859480389
Uintah-ute,0.0748,500.6960111,0.237939201,-0.846154933,HG,-0.458888889,0,-0.186148564,-0.842240913,-0.973877232
Pintubi,0.015,505.6696692,0.126801476,-0.359354538,HG,-0.625,0,-0.979989457,-0.835022251,-0.055385921
Antelope Valley Shoshoni,0.0113,507.3253548,0.197512577,-0.841148328,HG,-0.635277778,0,-0.474910164,-0.832619224,-0.964430808
Mono Lake Paiute,0.059,512.2858205,0.215051735,-0.75857692,HG,-0.502777778,0,-0.349630464,-0.825419709,-0.808635698
Chugash,0.0648,513.7474728,0.12473965,-0.941778233,HG,-0.486666667,0,-0.994716786,-0.823298298,-1.154298553
Anotarianunt Southern Paiute,0.0345,520.5313364,0.205622809,-0.79441764,HG,-0.570833333,0,-0.416979936,-0.813452342,-0.876259698
Arenda (northern),0.0266,523.8218854,0.176107161,-0.481642389,HG,-0.592777778,0,-0.627805993,-0.808676509,-0.286117715
Umatiela,0.105,525.4655219,0.207356708,-0.914212772,HG,-0.375,0,-0.404594943,-0.80629097,-1.102288249
Blood,0.0051,529.1262721,0.134885084,-0.965304984,HG,-0.6525,0,-0.9222494,-0.800977834,-1.198688649
Round Lake Ojibwa,0.0175,529.1262721,0.134885084,-0.965304984,HG,-0.618055556,0,-0.9222494,-0.800977834,-1.198688649
Angmaksaslik,0.0531,529.1262721,0.048670606,-0.890821782,HG,-0.519166667,0,-1.5380671,-0.800977834,-1.058154306
Kaibab Southern Paiute,0.0371,538.5753984,0.20415451,-0.773675555,HG,-0.563611111,0,-0.427467786,-0.787263573,-0.837123689
Alyawara,0.0121,540.2092418,0.146856557,-0.450357673,HG,-0.633055556,0,-0.836738879,-0.784892247,-0.227089949
Okanogan,0.1327,540.2092418,0.264135899,-0.94454302,HG,-0.298055556,0,0.000970707,-0.784892247,-1.159515132
Kuskowagmut,0.173,544.8645412,0.095878869,-0.9163169,HG,-0.186111111,0,-1.200865221,-0.778135644,-1.106258302
Shuswap,0.124,544.8645412,0.223033133,-0.965908849,HG,-0.322222222,0,-0.292620479,-0.778135644,-1.199828017
Rupert House Cree,0.009,550.1909329,0.138435305,-0.949854567,HG,-0.641666667,0,-0.896890679,-0.770405032,-1.169536919
Kariera,0.095,553.2410073,0.177803693,-0.038544004,HG,-0.402777778,0,-0.615687907,-0.765978219,0.549916974
Sheep-eater Shoshoni,0.0624,564.5871543,0.247345128,-0.924796054,HG,-0.493333333,0,-0.118963371,-0.749510661,-1.122256706
Nunavak,0.1922,566.4121203,0.043772719,-0.894260925,HG,-0.132777778,0,-1.573052007,-0.746861944,-1.064643255
Bear Creek Paiute,0.011,574.2705369,0.215524865,-0.89738539,HG,-0.636111111,0,-0.346250964,-0.735456405,-1.070538472
Sinkaietk,0.1451,574.2705369,0.261236973,-0.939766881,HG,-0.263611111,0,-0.019735907,-0.735456405,-1.150503549
Pitjandjara,0.006,575.8806867,0.14513141,-0.411276638,HG,-0.65,0,-0.849061357,-0.733119468,-0.153352147
Beaver,0.0051,577.4286087,0.153770238,-0.976023975,HG,-0.6525,0,-0.787355443,-0.730872847,-1.21891316
Luiseno,0.679,580.704726,0.225705377,-0.605167333,HG,1.219444444,0,-0.273533021,-0.726117959,-0.519183647
Gros-Ventre,0.0337,580.704726,0.168392905,-0.954580401,HG,-0.573055556,0,-0.682907821,-0.726117959,-1.178453587
Blackfoot,0.0346,585.5191654,0.150555544,-0.971504257,HG,-0.570555556,0,-0.810317543,-0.719130384,-1.210385391
Surprise Valley Paiute,0.1359,590.324024,0.218583498,-0.849686621,HG,-0.289166667,0,-0.324403586,-0.712156714,-0.980540794
Peigan,0.0254,599.905075,0.171559955,-0.962893764,HG,-0.596111111,0,-0.660286036,-0.69825098,-1.194139177
Salinan,0.374,601.498209,0.2725265,-0.666245314,HG,0.372222222,0,0.060903571,-0.695938739,-0.634425121
Ojibwa (Northern Albany),0.0143,605.6813298,0.130576208,-0.951424866,HG,-0.626944444,0,-0.953027086,-0.689867446,-1.172499747
!Ko,0.0103,607.8601773,0.19305607,-0.113010906,HG,-0.638055556,0,-0.506742357,-0.686705113,0.409413385
Gilyak,0.6,611.4541773,0.202169773,-0.556010984,HG,1,0,-0.441644479,-0.681488857,-0.426435819
Pekangekum Ojibwa,0.0308,617.2678618,0.155515092,-0.962387734,HG,-0.581111111,0,-0.7748922,-0.673050999,-1.193184404
Jaralde,0.4,620.5335338,0.230888451,-0.468474245,HG,0.444444444,0,-0.236511064,-0.668311272,-0.26127216
Modoc,0.0562,622.1129751,0.24830557,-0.857880227,HG,-0.510555556,0,-0.112103071,-0.666018904,-0.996000428
Northern Saulteaux,0.012,629.0178117,0.174457666,-0.9684539,HG,-0.633333333,0,-0.6395881,-0.655997371,-1.20463
Waswanip Cree,0.0041,629.0178117,0.154494851,-0.935303544,HG,-0.655277778,0,-0.782179636,-0.655997371,-1.142082158
Sanpoil,0.112,644.1153873,0.218875599,-0.938671203,HG,-0.355555556,0,-0.32231715,-0.634085069,-1.148436232
G/Wi,0.0293,647.2419256,0.210085397,-0.062655894,HG,-0.585277778,0,-0.385104307,-0.629547278,0.504422842
Kua,0.0636,648.8036384,0.215169792,-0.043856119,HG,-0.49,0,-0.3487872,-0.627280641,0.539894115
Northern Foothill Yokuts,0.3829,653.4825598,0.208490135,-0.730760075,HG,0.396944444,0,-0.396499036,-0.620489754,-0.756151085
Plains Cree,0.0273,659.1079622,0.175930157,-0.974947019,HG,-0.590833333,0,-0.629070307,-0.612325164,-1.216881168
Utewimonantci,0.026,662.8124877,0.228705431,-0.778583171,HG,-0.594444444,0,-0.252104064,-0.606948494,-0.846383342
Gabrielino,0.649,665.9142127,0.227897467,-0.621448548,HG,1.136111111,0,-0.257875236,-0.602446716,-0.549902921
Crow,0.0581,665.9142127,0.204638175,-0.931062794,HG,-0.505277778,0,-0.424013036,-0.602446716,-1.134080743
Diegueno,0.181,672.1053191,0.207970284,-0.567328947,HG,-0.163888889,0,-0.400212257,-0.593461075,-0.447790466
Bohogue-Northern Shoshoni,0.0104,678.2800038,0.214058564,-0.892715751,HG,-0.637777778,0,-0.356724543,-0.584499269,-1.061727832
Chilcotin,0.1152,682.9002667,0.187505642,-0.949104506,HG,-0.346666667,0,-0.546388271,-0.577793517,-1.168121709
Karuna,0.18,689.046318,0.245220456,-0.46674063,HG,-0.166666667,0,-0.1341396,-0.568873269,-0.258001189
Tjapwurong,0.35,689.046318,0.217837799,-0.472462507,HG,0.305555556,0,-0.329730007,-0.568873269,-0.268797183
Gosiute Shoshoni,0.0167,689.046318,0.195516644,-0.835005907,HG,-0.620277778,0,-0.489166829,-0.568873269,-0.952841334
Cheyenne,0.0482,689.046318,0.18321,-0.75729704,HG,-0.532777778,0,-0.577071429,-0.568873269,-0.80622083
Nipigon Ojibwa,0.0087,690.218498,0.174823611,-0.930392472,HG,-0.6425,0,-0.636974207,-0.567171991,-1.132815985
Teton Lakota,0.0877,698.2348418,0.172560194,-0.902388367,HG,-0.423055556,0,-0.653141471,-0.55553724,-1.079978051
Yavapai,0.0148,699.7627066,0.251344286,-0.595698018,HG,-0.625555556,0,-0.090397957,-0.553319729,-0.501317015
Tanaina,0.0486,702.9474189,0.129140732,-0.936475322,HG,-0.531666667,0,-0.963280486,-0.548697505,-1.14429306
Alcatcho,0.075,709.3726625,0.209360648,-0.945009503,HG,-0.458333333,0,-0.390281086,-0.539372043,-1.160395289
Hukunduka Shoshoni,0.0296,713.4679326,0.226812266,-0.869971627,HG,-0.584444444,0,-0.265626671,-0.533428255,-1.018814391
Sekani,0.0082,715.8383336,0.159891322,-0.971352322,HG,-0.643888889,0,-0.743633414,-0.529987905,-1.210098721
Assiniboine,0.0321,718.018171,0.168555331,-0.961794512,HG,-0.5775,0,-0.681747636,-0.526824135,-1.192065117
Ute-timanogas,0.0347,719.532904,0.244404501,-0.844838334,HG,-0.570277778,0,-0.13996785,-0.524625684,-0.971393083
Arapahoe,0.075,719.532904,0.180393165,-0.80195283,HG,-0.458333333,0,-0.597191679,-0.524625684,-0.890477038
Ruby Valley Shoshoni,0.1379,721.0466315,0.205970142,-0.841014387,HG,-0.283611111,0,-0.414498986,-0.522428692,-0.964178089
Walbiri,0.0116,725.5817881,0.143592409,-0.332632607,HG,-0.634444444,0,-0.860054221,-0.515846461,-0.004967183
Thompson,0.332,727.0915005,0.222315476,-0.950375887,HG,0.255555556,0,-0.2977466,-0.513655297,-1.170520542
Bella-coola,0.13,735.4770841,0.210877461,-0.948525887,HG,-0.305555556,0,-0.379446707,-0.501484638,-1.167029975
Sarsi,0.0175,736.1287538,0.162334885,-0.977498938,HG,-0.618055556,0,-0.726179393,-0.500538819,-1.221696109
Wongaibon,0.0512,737.6314654,0.197489977,-0.451789249,HG,-0.524444444,0,-0.475071593,-0.498357815,-0.229791036
Honey Lake Paiute,0.106,739.1331794,0.229723308,-0.817494244,HG,-0.372222222,0,-0.244833514,-0.496178259,-0.91980046
Ona,0.0921,740.6338967,0.111853705,-0.801134998,HG,-0.410833333,0,-1.08675925,-0.49400015,-0.888933958
!Kung,0.066,742.1336178,0.270551481,-0.073538515,HG,-0.483333333,0,0.046796293,-0.491823487,0.483889594
Hai//Om,0.0384,743.6323435,0.299926711,0.012740624,HG,-0.56,0,0.256619364,-0.489648268,0.646680423
Flathead,0.015,746.626811,0.24778265,-0.935958934,HG,-0.625,0,-0.115838214,-0.485302161,-1.143318743
Nharo,0.125,748.1225541,0.221494353,-0.098115422,HG,-0.319444444,0,-0.303611764,-0.483131271,0.437518072
Kutenai,0.0201,749.6173044,0.253816106,-0.945653099,HG,-0.610833333,0,-0.0727421,-0.480961822,-1.161609621
Ualaria,0.09,752.6038292,0.1911424,-0.425031711,HG,-0.416666667,0,-0.520411429,-0.476627244,-0.179305115
Patwin,0.82,761.5396436,0.24810797,-0.776405452,HG,1.611111111,0,-0.1135145,-0.463657992,-0.842274438
Weagamon Ojibwa,0.0444,762.2224755,0.176451853,-0.97343963,HG,-0.543333333,0,-0.625343907,-0.462666944,-1.214037038
Djaru,0.0398,779.3048252,0.153283751,-0.2989028,HG,-0.556111111,0,-0.79083035,-0.437873984,0.058673962
Eyak,0.0586,782.6977078,0.114677647,-0.946546752,HG,-0.503888889,0,-1.066588236,-0.432949626,-1.163295758
Gitksan,0.2358,796.5439686,0.177770565,-0.959616086,HG,-0.011666667,0,-0.615924536,-0.412853456,-1.187954879
Chiricahua Apache,0.0116,804.2310839,0.206213823,-0.499358939,HG,-0.634444444,0,-0.412758407,-0.40169654,-0.319545168
Klamath,0.1336,805.6885905,0.24546274,-0.869820345,HG,-0.295555556,0,-0.132409,-0.399581146,-1.018528953
Aleut,0.5465,810.5456344,0.14084653,-0.906884834,HG,0.851388889,0,-0.879667643,-0.392531735,-1.088461951
Carrier,0.0759,817.6043111,0.188497724,-0.959181105,HG,-0.455833333,0,-0.539301971,-0.382286921,-1.18713416
Achumawi,0.1725,846.1083221,0.250170839,-0.842702477,HG,-0.1875,0,-0.098779721,-0.340916804,-0.967363164
Plains Ojibwa,0.0279,854.6723556,0.176155906,-0.930592527,HG,-0.589166667,0,-0.627457814,-0.328487147,-1.133193447
Uncompahgre Ute,0.0429,860.7539755,0.252729549,-0.778561471,HG,-0.5475,0,-0.080503221,-0.319660413,-0.846342398
Chichimec,0.09,864.6207007,0.299877067,-0.018746568,HG,-0.416666667,0,0.256264764,-0.31404833,0.587270626
Konaig,0.306,868.076536,0.123940767,-0.930377941,HG,0.183333333,0,-1.000423093,-0.309032604,-1.132788568
Lillooet,0.235,882.8318153,0.246596079,-0.940937152,HG,-0.013888889,0,-0.124313721,-0.287617104,-1.152711608
Wishram,2.317,884.3792068,0.246816095,-0.91088296,HG,5.769444444,0,-0.122742179,-0.285371253,-1.096005585
Comanche,0.0233,891.3914211,0.189607432,-0.666147454,HG,-0.601944444,0,-0.531375486,-0.275193874,-0.634240479
Cupeno,0.488,902.5626528,0.217083213,-0.599240244,HG,0.688888889,0,-0.335119907,-0.258980185,-0.50800046
Haisla,0.191,912.7758266,0.204175008,-0.951198652,HG,-0.136111111,0,-0.427321371,-0.244157001,-1.172072928
Bella-bella,0.2051,927.9601793,0.197500762,-0.949482897,HG,-0.096944444,0,-0.474994557,-0.222118753,-1.168835655
Maidu (Mountain),0.235,949.3838916,0.229938144,-0.816984059,HG,-0.013888889,0,-0.243298971,-0.191024831,-0.918837847
Tubatulabal,0.172,965.6582775,0.214201048,-0.694869487,HG,-0.188888889,0,-0.3557068,-0.167404532,-0.688432994
Wukchumi,0.2421,969.7066527,0.247982271,-0.702817975,HG,0.005833333,0,-0.11441235,-0.161528806,-0.703430142
Micmac,0.0232,974.3337722,0.212487886,-0.850271276,HG,-0.602222222,0,-0.367943671,-0.154813103,-0.981643917
Shasta,0.1709,977.7792501,0.291579479,-0.851189528,HG,-0.191944444,0,0.196996279,-0.149812409,-0.983376468
Squamish,0.565,990.0564197,0.271689661,-0.934026673,HG,0.902777778,0,0.05492615,-0.131993585,-1.139672968
Clallam,0.7,990.0564197,0.27241311,-0.913745491,HG,1.277777778,0,0.060093643,-0.131993585,-1.101406587
Tsimshim,0.419,990.0564197,0.191729204,-0.951615164,HG,0.497222222,0,-0.516219971,-0.131993585,-1.1728588
Coeur d'Alene,0.015,990.0564197,0.239543219,-0.941404733,HG,-0.625,0,-0.174691293,-0.131993585,-1.153593836
Kwakiutl,0.687,997.9658236,0.195023129,-0.932044257,HG,1.241666667,0,-0.492691936,-0.120514044,-1.13593256
Tlingit,0.1142,997.9658236,0.137764916,-0.953673676,HG,-0.349444444,0,-0.901679171,-0.120514044,-1.176742785
Nez-perce,0.0888,1008.427976,0.2445149,-0.931888592,HG,-0.42,0,-0.139179286,-0.105329498,-1.135638853
Kitikitegon,0.0309,1021.881907,0.207076924,-0.850251205,HG,-0.580833333,0,-0.4065934,-0.085802747,-0.981606047
Alacaluf,0.1498,1029.91528,0.117635051,-0.752648878,HG,-0.250555556,0,-1.045463921,-0.07414328,-0.797450713
Kiowa,0.014,1030.782435,0.196991538,-0.657814988,HG,-0.627777778,0,-0.478631871,-0.07288471,-0.618518845
Tasmanians (eastern),0.0817,1032.089562,0.210394995,-0.505806989,HG,-0.439722222,0,-0.382892893,-0.070987573,-0.3317113
Chumash,1.182,1049.003459,0.248862064,-0.63800277,HG,2.616666667,0,-0.108128114,-0.046439102,-0.581137302
Mikea,0.0436,1060.627846,0.170882917,0.442960866,HG,-0.545555556,0,-0.665122021,-0.029567713,1.458416728
Ainu (Hokkaido),0.348,1070.524148,0.320176303,-0.361337762,HG,0.3,0,0.401259307,-0.01520443,-0.059127853
Atsugewi,0.1793,1070.524148,0.239143506,-0.829856708,HG,-0.168611111,0,-0.177546386,-0.01520443,-0.943125864
Nootka,1.539,1070.524148,0.207725456,-0.924548361,HG,3.608333333,0,-0.401961029,-0.01520443,-1.12178936
Kalispel,0.015,1070.524148,0.244404193,-0.946753542,HG,-0.625,0,-0.13997005,-0.01520443,-1.163685928
Lipan Apache,0.0051,1093.821812,0.243899219,-0.288318621,HG,-0.6525,0,-0.143577007,0.018609306,0.078644111
Chenchu,1.233,1118.968515,0.27878674,0.59896524,HG,2.758333333,0,0.105619571,0.055106698,1.752764604
Ojibwa (Kitchibaun),0.05,1120.170623,0.232585149,-0.846463624,HG,-0.527777778,0,-0.224391793,0.056851412,-0.974459668
Rainy River Ojibwa,0.0121,1120.170623,0.232585149,-0.846463624,HG,-0.633055556,0,-0.224391793,0.056851412,-0.974459668
Nomlaki,0.6944,1121.464867,0.250605987,-0.802374446,HG,1.262222222,0,-0.095671521,0.058729851,-0.89127254
Kiowa Apache,0.0414,1128.934062,0.202044665,-0.608159214,HG,-0.551666667,0,-0.442538107,0.069570482,-0.524828706
Haida,0.9709,1145.339897,0.145545797,-0.945220835,HG,2.030277778,0,-0.84610145,0.093381563,-1.160794028
Sekele,0.0152,1149.935897,0.293600433,0.120777488,HG,-0.624444444,0,0.211431664,0.1000521,0.850523562
Hadza,0.24,1156.067925,0.491299267,0.652735042,HG,0,0,1.623566193,0.108951996,1.85421706
Jeidji (Forest-river),0.17,1159.737382,0.241911017,-0.176965038,HG,-0.194444444,0,-0.15777845,0.114277768,0.288745211
Lungga,0.045,1160.958911,0.202524642,-0.189379646,HG,-0.541666667,0,-0.4391097,0.116050669,0.265321423
Hukwe,0.029,1163.399536,0.386145416,0.164695055,HG,-0.586111111,0,0.872467257,0.11959294,0.933386896
Comox,0.55,1170.7225,0.211001386,-0.93018923,HG,0.861111111,0,-0.378561529,0.130221335,-1.132432509
Nayaka,0.7,1173.129692,0.335682805,0.582636471,HG,1.277777778,0,0.512020036,0.133715083,1.721955606
North River Paiute,0.1604,1182.808298,0.248931934,-0.719313355,HG,-0.221111111,0,-0.107629043,0.147762406,-0.7345535
Twana,0.2684,1213.463617,0.274122836,-0.911659377,HG,0.078888889,0,0.072305971,0.192254887,-1.097470523
Quinault,0.852,1213.463617,0.272652558,-0.908363542,HG,1.7,0,0.061803986,0.192254887,-1.091251966
Miwok,0.2454,1222.072625,0.253979926,-0.749238435,HG,0.015,0,-0.071571957,0.204749819,-0.791015915
Chimariko,0.5,1230.700635,0.273225986,-0.834797659,HG,0.722222222,0,0.0658999,0.217272329,-0.952448413
Quileute,1.043,1256.693158,0.267208552,-0.91096774,HG,2.230555556,0,0.022918229,0.254997327,-1.096165547
//Xegwi,0.0357,1258.413832,0.343798944,0.052170108,HG,-0.5675,0,0.569992457,0.257494676,0.721075675
Chono,0.1364,1265.391631,0.146947931,-0.709833879,HG,-0.287777778,0,-0.836086207,0.267622106,-0.716667696
Karok,0.469,1265.391631,0.265310523,-0.853256299,HG,0.636111111,0,0.009360879,0.267622106,-0.987276036
Kurnai,0.177,1266.489941,0.264162299,-0.483110596,HG,-0.175,0,0.001159279,0.26921617,-0.288887917
Mineng,0.07,1275.673932,0.224500472,-0.252335812,HG,-0.472222222,0,-0.282139486,0.28254562,0.146536204
Miwok (Lake),0.65,1281.389202,0.253268664,-0.765036036,HG,1.138888889,0,-0.0766524,0.290840642,-0.820822709
Lessik,0.972,1282.836617,0.256951073,-0.813202855,HG,2.033333333,0,-0.050349479,0.292941389,-0.9117035
Cowichan,0.3475,1291.58198,0.242381971,-0.919346755,HG,0.298611111,0,-0.154414493,0.305634224,-1.111975009
Makah,1.23,1300.341814,0.257078561,-0.915165114,HG,2.75,0,-0.04943885,0.318348061,-1.104085121
Tillamook,0.4132,1335.514097,0.24613897,-0.895853193,HG,0.481111111,0,-0.127578786,0.369396367,-1.067647534
Puyallup,0.3675,1344.337429,0.262505077,-0.914052084,HG,0.354166667,0,-0.010678021,0.382202364,-1.101985064
Eastern Pomo,1.27,1349.608902,0.258180075,-0.773260499,HG,2.861111111,0,-0.041570893,0.389853269,-0.836340564
Clear-Lake Pomo,3.087,1349.608902,0.258180075,-0.773260499,HG,7.908333333,0,-0.041570893,0.389853269,-0.836340564
Stalo,0.66,1353.171664,0.290339205,-0.930829799,HG,1.166666667,0,0.188137179,0.395024186,-1.13364113
Lummi,1.0463,1379.733707,0.274293214,-0.928807507,HG,2.239722222,0,0.073522957,0.433575772,-1.129825485
Chehalis,0.2197,1388.60546,0.25203828,-0.905204902,HG,-0.056388889,0,-0.085440857,0.446452046,-1.085292268
Chinook,0.338,1388.60546,0.262254743,-0.900406158,HG,0.272222222,0,-0.012466121,0.446452046,-1.076238034
Tasmanians (western),0.1335,1397.485058,0.190358424,-0.494914132,HG,-0.295833333,0,-0.526011257,0.459339707,-0.31115874
Tolowa,0.5714,1397.485058,0.262410904,-0.859382355,HG,0.920555556,0,-0.011350686,0.459339707,-0.998834632
Tekelma,0.1285,1398.193125,0.248727705,-0.866115786,HG,-0.309722222,0,-0.109087821,0.46036738,-1.011539219
Tututni,0.6707,1406.37188,0.237511438,-0.866751691,HG,1.196388889,0,-0.189204014,0.472237852,-1.01273904
Karankawa,0.21,1411.960417,0.286952188,-0.2523755,HG,-0.083333333,0,0.1639442,0.480348936,0.146461321
Alsea,0.968,1415.265305,0.253248417,-0.886801511,HG,2.022222222,0,-0.076797021,0.485145581,-1.050568889
Dorobo (Okiek),0.4081,1442.247171,0.60479949,0.714311289,HG,0.466944444,0,2.434282071,0.524306489,1.970398658
Yana,0.313,1450.892556,0.261100169,-0.818681079,HG,0.202777778,0,-0.020713079,0.536854218,-0.922039772
Miwok (Coast),0.5357,1451.528541,0.288343988,-0.750114086,HG,0.821388889,0,0.173885629,0.537777273,-0.792668087
Paliyans,0.0963,1462.797373,0.349403926,0.505010223,HG,-0.399166667,0,0.610028043,0.554132617,1.575490987
Mattole,1.164,1468.729531,0.265913656,-0.812731367,HG,2.566666667,0,0.013668971,0.562742425,-0.9108139
Yurok,1.31,1468.729531,0.273603125,-0.851268641,HG,2.972222222,0,0.06859375,0.562742425,-0.983525738
Coos,1.042,1486.575358,0.25880546,-0.876051718,HG,2.227777778,0,-0.037103857,0.58864348,-1.03028626
Wappo,1.206,1511.01856,0.254987565,-0.759771857,HG,2.683333333,0,-0.064374536,0.624119826,-0.810890296
Bambote,0.25,1515.953782,0.376337676,0.546595404,HG,0.027777778,0,0.802411971,0.631282702,1.653953592
Hupa,0.8,1522.273363,0.276862759,-0.835196045,HG,1.555555556,0,0.09187685,0.640454808,-0.953200085
Yuki (Proper),1.316,1531.195501,0.257915668,-0.796254714,HG,2.988888889,0,-0.043459514,0.65340421,-0.879725875
Sinkyone,0.9644,1540.115432,0.262696165,-0.80734943,HG,2.012222222,0,-0.009313107,0.666350409,-0.900659302
Yuki (Coast),0.6696,1540.115432,0.282306601,-0.790653929,HG,1.193333333,0,0.130761436,0.666350409,-0.869158357
Wiyot,1.0793,1540.115432,0.276302938,-0.829279823,HG,2.331388889,0,0.087878129,0.666350409,-0.942037402
Nisenan,0.3975,1543.290262,0.23505975,-0.780139708,HG,0.4375,0,-0.206716071,0.67095829,-0.849320204
Nunggubuyu,0.23,1578.642659,0.221959173,-0.326093642,HG,-0.027777778,0,-0.300291621,0.72226801,0.007370487
Botocudo,0.098,1582.412776,0.574140239,0.367435715,HG,-0.394444444,0,2.215287421,0.727739878,1.315916443
Pomo (Southern),1.108,1583.353741,0.259086756,-0.759113501,HG,2.411111111,0,-0.0350946,0.729105575,-0.809648115
Pomo (Northern),1.084,1584.659934,0.259428044,-0.784709536,HG,2.344444444,0,-0.032656829,0.731001356,-0.857942521
Warunggu,0.1628,1596.461864,0.308103486,-0.344202613,HG,-0.214444444,0,0.3150249,0.748130427,-0.026797383
Badjalang,0.134,1603.897691,0.329958521,-0.393243533,HG,-0.294444444,0,0.471132293,0.758922628,-0.119327421
Guato,0.0674,1625.969641,0.469123074,-0.060798045,HG,-0.479444444,0,1.465164814,0.790957389,0.507928217
Anbara,0.437,1628.703985,0.237803756,-0.298628267,HG,0.547222222,0,-0.187116029,0.794925958,0.059191949
Mrabri,0.2316,1637.779228,0.50228826,0.382643846,HG,-0.023333333,0,1.702059,0.808097573,1.34461103
Yir-yoront,0.08,1648.590275,0.201889196,-0.344978064,HG,-0.444444444,0,-0.4436486,0.823788498,-0.028260498
Gidjingali,0.727,1660.20544,0.239419368,-0.292653162,HG,1.352777778,0,-0.175575943,0.840646502,0.070465732
Murngin (Yolngu),0.1176,1676.12335,0.226481179,-0.320366348,HG,-0.34,0,-0.267991579,0.863749419,0.018176702
Walmbaria,0.58,1680.511332,0.269418403,-0.323569435,HG,0.944444444,0,0.038702879,0.870118044,0.012133142
Gunwinggu,0.1784,1683.137137,0.238634524,-0.28757093,HG,-0.171111111,0,-0.181181971,0.873929081,0.080054849
Mirrngadja,0.385,1694.455378,0.237749458,-0.306925881,HG,0.402777778,0,-0.187503871,0.890356136,0.043536074
Groote-eylandt,0.229,1698.782599,0.163679238,-0.335663312,HG,-0.030555556,0,-0.716576871,0.896636573,-0.010685494
Wintu,0.5882,1708.344468,0.263649994,-0.833655553,HG,0.967222222,0,-0.002500043,0.910514467,-0.950293496
Jinibarra,0.16,1721.054016,0.349989702,-0.359082179,HG,-0.222222222,0,0.614212157,0.928960836,-0.054872036
Birhor,0.22,1726.1392,0.328569975,0.649579697,HG,-0.055555556,0,0.461214107,0.936341364,1.848263579
Mulluk,0.45,1733.729091,0.240348904,-0.214927175,HG,0.583333333,0,-0.1689364,0.947357171,0.217118538
Worora,0.11,1733.729091,0.236772934,-0.059990702,HG,-0.361111111,0,-0.194479043,0.947357171,0.509451506
Calusa,0.3873,1760.350983,0.287559262,-0.140611221,HG,0.409166667,0,0.168280443,0.985995621,0.357337319
Yintjingga,0.31,1788.828239,0.275671058,-0.327370432,HG,0.194444444,0,0.0833647,1.027326907,0.004961449
Kakadu,0.088,1821.356397,0.238341968,-0.269265433,HG,-0.422222222,0,-0.183271657,1.074537586,0.114593523
Heta,0.096,1826.042771,0.496159122,0.043436338,HG,-0.4,0,1.658279443,1.08133929,0.704596864
Aweikomo,0.041,1829.206113,0.539620722,0.166153044,HG,-0.552777778,0,1.968719443,1.085930498,0.936137819
Paraujano,0.35,1850.723874,0.533535414,0.109154906,HG,0.305555556,0,1.925252957,1.11716092,0.828594162
Siriono,0.06,1878.615269,0.514700728,-0.004761382,HG,-0.5,0,1.790719486,1.1576419,0.61365777
Bororo,0.5136,1895.610947,0.474696519,-0.065456187,HG,0.76,0,1.504975136,1.182309067,0.49913927
Wikmunkan,0.0841,1944.367315,0.232974564,-0.335468222,HG,-0.433055556,0,-0.221610257,1.253073026,-0.0103174
Larikia,0.4,1962.435346,0.277608875,-0.208273856,HG,0.444444444,0,0.09720625,1.279296583,0.22967197
Baka,0.1363,1963.12406,0.444218922,0.732233443,HG,-0.288055556,0,1.287278014,1.280296168,2.004214043
Guayaki (Ache),0.0348,1968.617342,0.483622244,0.025648245,HG,-0.57,0,1.568730314,1.288269001,0.671034425
Veddah,0.185,1986.943206,0.360537613,0.328694935,HG,-0.152777778,0,0.689554379,1.314866772,1.242820632
Kaurareg,0.35,2005.60395,0.264333152,-0.325885681,HG,0.305555556,0,0.002379657,1.341950581,0.007762866
Tiwi,0.375,2016.112494,0.218872599,-0.203900271,HG,0.375,0,-0.322338579,1.357202459,0.237924017
Bayaka,0.1747,2027.801922,0.44635461,0.710111177,HG,-0.181388889,0,1.302532929,1.374168247,1.962473919
Aka,0.0906,2043.807199,0.422990906,0.699335647,HG,-0.415,0,1.135649329,1.397397967,1.94214273
Kadar,0.5,2058.924314,0.381393201,0.533578313,HG,0.722222222,0,0.838522864,1.419338627,1.629393043
Mbuti,0.44,2084.198565,0.559453055,0.767421373,HG,0.555555556,0,2.110378964,1.456021139,2.070606364
Kuku-yalanji,0.5,2108.202073,0.355976696,-0.325896718,HG,0.722222222,0,0.6569764,1.490859322,0.007742042
Agta (North Luzon),0.3794,2122.883724,0.417116117,0.171526415,HG,0.387222222,0,1.09368655,1.512167959,0.946276255
Hill-Pandaran,0.7037,2148.704278,0.40194199,0.495938577,HG,1.288055556,0,0.985299929,1.549643364,1.558374674
Nambikwara,0.0778,2202.865384,0.507877485,-0.128988948,HG,-0.450555556,0,1.741982036,1.628251646,0.379266136
Ngatjan,0.598,2256.548473,0.321868924,-0.33537439,HG,0.994444444,0,0.413349457,1.706166144,-0.010140358
Efe,0.1596,2276.034624,0.508093102,0.750305364,HG,-0.223333333,0,1.743522157,1.73444793,2.038312008
Yaruro-pume,0.1995,2288.425893,0.450306893,0.130231435,HG,-0.1125,0,1.330763521,1.752432356,0.868361198
Shompen,0.39537,2349.867903,0.286394554,-0.147388149,HG,0.431583333,0,0.1599611,1.841607987,0.344550662
Semang,0.1757,2360.571015,0.620982289,0.140902696,HG,-0.178611111,0,2.549873493,1.857142257,0.888495653
Akuriyo,0.0704,2374.845032,0.616180233,0.076625464,HG,-0.471111111,0,2.515573093,1.877859263,0.767217857
Agta (Isbela),0.42,2394.270329,0.44448337,0.154116797,HG,0.5,0,1.289166929,1.906052727,0.913427919
Agta (Casiguran),0.87,2428.053625,0.441623284,0.148363894,HG,1.75,0,1.268737743,1.955085087,0.902573385
Guahibo,0.1763,2438.228284,0.546434455,0.118390611,HG,-0.176944444,0,2.017388964,1.969852372,0.846020021
Ayta-Pinatubo,0.9189,2438.989741,0.419451662,0.134998356,HG,1.885833333,0,1.110369014,1.970957534,0.877355389
Mamu,0.45,2438.989741,0.321599329,-0.333424076,HG,0.583333333,0,0.411423779,1.970957534,-0.006460521
Nukak,0.0934,2466.228648,0.55644064,0.166080455,HG,-0.407222222,0,2.088861714,2.010491507,0.936000858
North Island,0.3338,2485.370323,0.317335444,0.046836649,HG,0.260555556,0,0.380967457,2.038273328,0.711012545
Punan,0.118,2496.264766,0.539329876,0.07969767,HG,-0.338888889,0,1.966641971,2.054085292,0.773014472
Onge,0.401,2534.466729,0.33651645,-0.035217869,HG,0.447222222,0,0.517974643,2.109530811,0.5561927
Yuqui,0.0166,2534.916886,0.57053983,-0.021532149,HG,-0.620555556,0,2.189570214,2.11018416,0.582014813
Kubu,0.092,2557.670284,0.526788791,0.15720433,HG,-0.411111111,0,1.877062793,2.143207959,0.919253453
Shiriana,0.156,2571.112751,0.755792645,0.082827996,HG,-0.233333333,0,3.512804607,2.162718071,0.778920747
Cholanaickan,0.705,2624.898221,0.418381445,0.552137107,HG,1.291666667,0,1.102724607,2.240781163,1.664409636
TUAREG-AHAGGAR,0.032,45.46792322,0.057048121,-0.0417874,AG,-0.470211549,1,-1.478227707,-1.502949313,0.543797358
TEDA,0.0889,55.2607047,0.084488925,-0.105188249,AG,-0.468584906,1,-1.282221964,-1.488736278,0.424173115
AL-MURRAH,0.023,140.049581,0.062104453,0.444723302,AG,-0.470468839,1,-1.44211105,-1.365675499,1.461742079
Cocopa,0.48828125,151.4209566,0.165833568,-0.560021944,AG,-0.457167489,1,-0.7011888,-1.349171326,-0.434003668
CHUKCHI,0.013,156.8021324,0.063024383,-0.674909427,AG,-0.470754717,1,-1.435540121,-1.341361201,-0.650772504
Yakut,0.0645,175.4582988,0.141263599,-0.684462714,AG,-0.469282447,1,-0.876688579,-1.314284037,-0.668797574
Rwala,0.72,179.65198,0.053407096,0.387388723,AG,-0.450543168,1,-1.504235029,-1.308197417,1.353563628
MUTAIR,0.7785,222.3971025,0.06063871,0.463254766,AG,-0.448870783,1,-1.452580643,-1.246158052,1.496707106
Hunzakut,4.088607595,249.9247122,0.204731773,0.042713658,AG,-0.354242207,1,-0.423344479,-1.206205062,0.703233317
Koryak,0.0063,300.438921,0.096224971,-0.679140735,AG,-0.470946255,1,-1.198393064,-1.13288981,-0.658756104
Nurzay,0.1433,313.0995272,0.144653495,0.195628275,AG,-0.467029731,1,-0.852475036,-1.114514474,0.991751462
TURKANA,2.4627,329.1085618,0.264581079,0.614241748,AG,-0.40072327,1,0.004150564,-1.091279301,1.781588204
Kazakh,1.457,350.3056634,0.143021652,-0.298224479,AG,-0.429473985,1,-0.864131057,-1.060514277,0.059953813
KABABISH,1.0856,352.0644764,0.161309187,0.443792698,AG,-0.440091481,1,-0.733505807,-1.057961573,1.459986223
CYRENAICA,1,431.7203223,0.151991358,0.107025309,AG,-0.442538593,1,-0.800061729,-0.942350766,0.824576055
Khalkas,0.3618,453.7943041,0.137686377,-0.319963892,AG,-0.460783305,1,-0.902240164,-0.910313056,0.018936053
Basseri,0.9469,453.7943041,0.193070541,0.313111141,AG,-0.444056604,1,-0.506638993,-0.910313056,1.213417247
Saami,0.1649,465.0438169,0.092811351,-0.751071325,AG,-0.466412236,1,-1.222776064,-0.893985752,-0.794474198
TUAREG-AYR,0.1107,477.3541564,0.196086178,0.291075705,AG,-0.467961692,1,-0.485098729,-0.876118786,1.171840953
Charwa,3.6364,477.3541564,0.250394322,0.13235135,AG,-0.367169811,1,-0.097183414,-0.876118786,0.872361038
Northern Somali,6.6324,510.6334297,0.19206613,0.393456356,AG,-0.281520869,1,-0.513813357,-0.827817954,1.365011992
Sherpa,2.4636,560.9646503,0.354410409,0.570160836,AG,-0.400697541,1,0.645788636,-0.754768287,1.698416672
Mohave,0.714285714,567.8192359,0.189097434,-0.683212892,AG,-0.450706526,1,-0.535018329,-0.744819687,-0.666439419
Havasupai,0.032299742,633.139748,0.215020422,-0.754411842,AG,-0.470202981,1,-0.349854129,-0.65001488,-0.80077706
Goajiro,6.6875,675.1947115,0.41716959,0.044295218,AG,-0.279945683,1,1.0940685,-0.588977197,0.706217392
Hidatsa,0.094117647,742.1336178,0.171233029,-0.944195215,AG,-0.468435745,1,-0.662621221,-0.491823487,-1.158858896
Pedi,32.30223069,757.0761864,0.368372221,0.140835049,AG,0.452322204,1,0.745515864,-0.470136159,0.888368017
MAASAI,0.025,802.7726091,0.565589999,0.68299216,AG,-0.470411664,1,2.154214279,-0.403813339,1.911305962
Tswana (Tolkwa),41.66666667,843.2460538,0.337515139,0.0068409,AG,0.720030494,1,0.525108136,-0.345071039,0.635548868
Tigrinya (Mai Weini),61.17647059,847.5380314,0.341877252,0.492730907,AG,1.277772172,1,0.556266086,-0.338841754,1.552322466
Sonjo,2.5,851.821468,0.56698048,0.681817,AG,-0.399656947,1,2.164146286,-0.332624865,1.909088679
Dogon,6.792811321,873.1111276,0.289629395,0.700833804,AG,-0.276935068,1,0.183067107,-0.301725504,1.944969442
HUMR,0.9167,934.3513596,0.263315058,0.573259,AG,-0.444919954,1,-0.004892443,-0.212842729,1.704262264
Ayacucho Quechuan,9.3575,950.9955089,0.24976193,-0.04434948,AG,-0.203616352,1,-0.1017005,-0.188685764,0.538963245
Bakkarwal,3.4134,1120.170623,0.402018619,0.189959917,AG,-0.373544883,1,0.985847279,0.056851412,0.981056447
Toda,0.5683,1127.691262,0.339106997,0.573533539,AG,-0.454879931,1,0.53647855,0.067766708,1.704780262
Goba,5.56467147,1133.89702,0.408666915,0.254188815,AG,-0.312044841,1,1.033335107,0.076773614,1.102243047
Swazi,20.99483204,1137.610597,0.382255662,0.078321263,AG,0.129068955,1,0.8446833,0.082163421,0.770417477
JIE,5.404,1145.015596,0.441503661,0.692548413,AG,-0.316638079,1,1.267883293,0.09291088,1.929336628
Paratia,6.1414,1145.339897,0.224387049,-0.05364035,AG,-0.295557461,1,-0.28294965,0.093381563,0.521433302
Huron,9.933774834,1187.756031,0.179206251,-0.818669312,AG,-0.187141943,1,-0.605669636,0.154943441,-0.92201757
Nuer,2.573340196,1249.137911,0.311436358,0.606622881,AG,-0.397560315,1,0.338831129,0.244031801,1.767212983
Valley Gwembe Tonga (middle river),2.214497232,1251.461513,0.419054437,0.19084652,AG,-0.407818833,1,1.107531693,0.247404228,0.982729283
Mapuche,28.37967402,1256.693158,0.18865934,-0.670850325,AG,0.340185078,1,-0.538147571,0.254997327,-0.643113821
Bhaca,30.69059417,1288.222527,0.402234647,0.041963042,AG,0.406249119,1,0.987390336,0.300758385,0.70181706
Xhosa Shixini,95.86,1335.301063,0.341941955,-0.04421788,AG,2.269296741,1,0.55672825,0.369087174,0.539211547
Uchucmarca,10.84761905,1370.870413,0.515809369,0.231031981,AG,-0.16101718,1,1.79863835,0.420711775,1.058550908
Sandawe,15.92356688,1380.009494,0.529222146,0.64569336,AG,-0.015907179,1,1.8944439,0.433976044,1.840930868
Lozi,7.003676471,1428.742446,0.419191338,0.277169754,AG,-0.270906905,1,1.108509557,0.504706017,1.145603309
Tarahumara gentiles,3.55,1464.837423,0.353815636,-0.258393628,AG,-0.369639794,1,0.641540257,0.557093502,0.135106362
Lugbara,58.00316957,1551.969599,0.504900225,0.754251165,AG,1.18705459,1,1.720715893,0.683555296,2.045756915
Delaware,0.255813954,1575.760481,0.246684563,-0.63976504,AG,-0.463813209,1,-0.123681693,0.718084878,-0.58446234
Creek,0.329989404,1618.651372,0.242719768,-0.324953117,AG,-0.461692699,1,-0.152001657,0.780335808,0.009522421
Powhatan,0.447437102,1643.195519,0.271190827,-0.498028699,AG,-0.458335131,1,0.05136305,0.815958663,-0.317035281
Bemba,2.180801527,1686.630085,0.450781156,0.367541073,AG,-0.408782118,1,1.334151114,0.878998672,1.316115232
Hasinai,0.277777778,1688.373082,0.262067647,-0.346736347,AG,-0.463185312,1,-0.013802521,0.881528421,-0.031578013
Kofyar (Bong),148.3279462,1758.703636,0.377835657,0.74130489,AG,3.769238027,1,0.813111836,0.983604697,2.021329981
Betsileo  (subprefecture),25.63015325,1763.639122,0.255726188,0.515512902,AG,0.261582426,1,-0.059098657,0.990767956,1.595307362
Yukpa,2.715,1846.136025,0.336617164,0.849368034,AG,-0.393510577,1,0.518694029,1.110502213,2.225222706
Cayua,0.875,1853.772301,0.496161854,0.034839819,AG,-0.446112064,1,1.658298957,1.121585343,0.688377017
Azande,10.67068833,1853.772301,0.353518695,0.713198364,AG,-0.166075234,1,0.63941925,1.121585343,1.9682988
Lamet,2.8975,1861.358041,0.547144113,0.431545077,AG,-0.38829331,1,2.02245795,1.132595125,1.436877504
Siriono,0.579374276,1878.615269,0.514700728,-0.004761382,AG,-0.454563343,1,1.790719486,1.1576419,0.61365777
Tiv,95.18828452,2029.736613,0.37714903,0.805664056,AG,2.250093897,1,0.808207357,1.376976216,2.14276237
Ifugao (subarea),100,2069.487446,0.450233496,0.139243079,AG,2.387650086,1,1.330239257,1.434669733,0.8853643
Matsigenka,0.299981735,2085.413942,0.637738469,-0.062438225,AG,-0.462550551,1,2.669560493,1.457785112,0.504833538
Boyela (4 subtribes),2.2,2152.089093,0.391101525,0.662413943,AG,-0.408233276,1,0.907868036,1.554556013,1.872479138
Ka'apor,0.098020735,2184.123033,0.599552316,0.044447931,AG,-0.468324164,1,2.396802257,1.601049395,0.70650553
Wonie,0.325,2207.088537,0.365030586,-0.309396686,AG,-0.461835334,1,0.721647043,1.634381041,0.038874177
NE Igbo,160.6870229,2241.590431,0.434571094,0.813562966,AG,4.122556401,1,1.218364957,1.684456358,2.157665974
Yanoama,0.19379845,2334.581898,0.679473529,0.029984765,AG,-0.465586093,1,2.967668064,1.819422203,0.679216538
Khasi,20.20430837,2394.270329,0.491279235,0.601578756,AG,0.10646965,1,1.623423107,1.906052727,1.757695766
Tana Toraja,98.9314034,2411.345147,0.501374653,0.197923754,AG,2.357101298,1,1.695533236,1.930834756,0.996082555
Semai,5.810391978,2428.066019,0.66423059,0.148821844,AG,-0.305020241,1,2.858789929,1.955103075,0.903437442
Guahibo,0.34,2438.228284,0.546434455,0.118390611,AG,-0.461406518,1,2.017388964,1.969852372,0.846020021
Garo,16.94426336,2465.623786,0.42582558,0.615546178,AG,0.013272252,1,1.155897,2.009613623,1.784049392
Nukak,0.04,2466.228648,0.55644064,0.166080455,AG,-0.469982847,1,2.088861714,2.010491507,0.936000858
Nuaulu,2.317757009,2483.315949,0.40671898,-0.098824484,AG,-0.404866867,1,1.019421286,2.035291653,0.436180219
Kekchi_Maya,2.947440157,2520.714009,0.588761993,0.165014708,AG,-0.386865633,1,2.319728521,2.089570405,0.933990015
Panare,0.0854,2525.486928,0.710842397,0.154960333,AG,-0.468684963,1,3.191731407,2.096497718,0.915019496
Miskito,0.963883293,2548.774224,0.563203106,0.141369541,AG,-0.443571089,1,2.137165043,2.130296406,0.889376492
Hanunoo,22.74193548,2570.691589,0.428643759,0.038103455,AG,0.179014736,1,1.17602685,2.162106806,0.694534821
Maring(Bomagai-Angoiang),2.153846154,2584.068575,0.531361872,-0.2790889,AG,-0.409552711,1,1.909727657,2.18152188,0.096058679
Tsembaga,26.35658915,2584.068575,0.531361872,-0.2790889,AG,0.282349604,1,1.909727657,2.18152188,0.096058679
Tikopia,164.2307692,2584.068575,0.363198687,-0.178865644,AG,4.223864185,1,0.70856205,2.18152188,0.285159162
Iban,3.383422779,2592.522182,0.536872956,0.102625643,AG,-0.374401865,1,1.949092543,2.193791266,0.816274798
Libya,2.579237414,13.91164429,0.036852277,-0.037599223,IND,-0.74835668,2,-1.622483736,-1.548749428,0.551699579
"Egypt, Arab Rep.",59.74386833,14,0.032251016,0.35478678,IND,-0.314930106,2,-1.655349886,-1.54862119,1.292050528
Algeria,11.23056772,59.16872299,0.050171516,0.047108523,IND,-0.682761637,2,-1.527346314,-1.483064263,0.711525515
Oman,6.182130776,84.44473038,0.055928486,0.402640129,IND,-0.721039269,2,-1.4862251,-1.446379201,1.382339866
"Yemen, Rep.",36.52590043,101.8161312,0.073281341,0.401431748,IND,-0.490970502,2,-1.362276136,-1.421166718,1.380059902
"Iran, Islamic Rep.",34.18582159,111.4221469,0.111144691,0.256107315,IND,-0.508713158,2,-1.091823636,-1.407224751,1.105862858
Jordan,44.4060166,122.9073473,0.086286939,0.371854371,IND,-0.431222863,2,-1.269379007,-1.390555374,1.32425353
UAE,11.83697888,136.2490438,0.086670366,0.381675126,IND,-0.678163781,2,-1.266640243,-1.371191518,1.342783257
Qatar,55.57486287,147.6355307,0.09588142,0.387280108,IND,-0.346539822,2,-1.200847,-1.354665413,1.353358694
Kuwait,111.1766852,196.456119,0.114739507,0.400869934,IND,0.075037419,2,-1.066146379,-1.283808245,1.378999875
Sudan,9.709610343,205.7484509,0.124736196,0.465898769,IND,-0.694293651,2,-0.994741457,-1.270321552,1.501695791
Canada,3.133056424,216.7560273,0.066346125,-0.98044632,IND,-0.744157583,2,-1.411813393,-1.254345389,-1.227257208
Uzbekistan,60.50096504,226.0833109,0.131558621,-0.081541135,IND,-0.309189741,2,-0.94600985,-1.240807967,0.468790311
Russian,8.890666836,258.3027725,0.153251318,-0.683697922,IND,-0.700502943,2,-0.791062014,-1.194045323,-0.66735457
Turkmenistan,9.895758831,259.0398227,0.138054942,0.030036362,IND,-0.692882259,2,-0.899607557,-1.192975584,0.679313891
Saudi,8.153964257,266.3101537,0.068182634,0.448505746,IND,-0.706088678,2,-1.398695471,-1.18242358,1.468878766
Tunisia,53.50559974,286.2042825,0.178206063,0.014351652,IND,-0.362229132,2,-0.612813836,-1.153549663,0.649720098
Australia,2.295192937,325.5592618,0.14467522,-0.48594288,IND,-0.750510327,2,-0.852319857,-1.09643068,-0.294231849
Syrian,74.15476256,334.4236819,0.13303223,0.241041216,IND,-0.205665611,2,-0.935484071,-1.083565048,1.077436257
Kazakhstan,5.745680748,367.8413509,0.144433107,-0.303959566,IND,-0.724348467,2,-0.854049236,-1.035063351,0.049132894
Mongolia,1.529136306,492.3845324,0.144867834,-0.337802279,IND,-0.756318627,2,-0.850944043,-0.854304017,-0.014721281
China,122.3681331,564.5871543,0.209827874,0.191307871,IND,0.159891827,2,-0.386943757,-0.749510661,0.983599757
Morocco,57.16596661,596.7156316,0.174906102,0.243895688,IND,-0.334475953,2,-0.636384986,-0.70288007,1.082822053
Israel,246.4624538,598.3108827,0.200674173,0.367652305,IND,1.100784395,2,-0.452327336,-0.700564757,1.316325104
Tajikistan,47.35695858,605.6813298,0.261234717,-0.025638812,IND,-0.408848597,2,-0.019752021,-0.689867446,0.574266392
Pakistan,150.6900351,606.271269,0.15548252,0.299552223,IND,0.37463064,2,-0.775124857,-0.689011221,1.187834383
Mexico,46.21384588,661.2600798,0.191398307,-0.108701839,IND,-0.417515764,2,-0.518583521,-0.609201626,0.4175437
Azerbaijan,100.6783524,662.8124877,0.262230128,0.058906787,IND,-0.004561738,2,-0.012641943,-0.606948494,0.733786391
Turkey,72.81340807,701.2895572,0.246344579,0.069852723,IND,-0.215835863,2,-0.12611015,-0.551103691,0.7544391
Kyrgyz,26.37999141,724.0710729,0.289036475,-0.134718433,IND,-0.567897555,2,0.178831964,-0.518039081,0.368455787
Finland,16.53440304,735.4770841,0.146602211,-0.650421969,IND,-0.642547554,2,-0.838555636,-0.501484638,-0.604569753
Spain,80.15693925,742.1336178,0.254176944,-0.114971328,IND,-0.160156651,2,-0.070164686,-0.491823487,0.405714475
SouthAfrica,30.90916218,743.6323435,0.249957781,-0.084457521,IND,-0.533557039,2,-0.100301564,-0.489648268,0.463287696
USA,28.44946393,748.7700855,0.243823488,-0.931176891,IND,-0.552206658,2,-0.144117943,-0.482191458,-1.134296021
Sweden,21.17789966,796.5439686,0.13799743,-0.602548426,IND,-0.60734021,2,-0.900018357,-0.412853456,-0.514242313
Austria,95.29437767,868.076536,0.277960685,-0.095732913,IND,-0.045383443,2,0.099719179,-0.309032604,0.442013372
Switzerland,174.9765308,875.4358982,0.312865732,-0.141098084,IND,0.558772695,2,0.349040943,-0.298351381,0.356418709
"Macedonia, FYR",79.8582117,880.1606899,0.310919467,0.097706045,IND,-0.162421626,2,0.33513905,-0.291493919,0.806992538
Norway,11.92989705,882.8318153,0.114472006,-0.744590305,IND,-0.677459269,2,-1.0680571,-0.287617104,-0.782245858
Poland,121.6593817,889.9908401,0.21631971,-0.25821349,IND,0.15451802,2,-0.3405735,-0.277226647,0.135446245
Hungary,115.3508584,891.3914211,0.243428436,-0.063583509,IND,0.106686317,2,-0.146939743,-0.275193874,0.502672625
Argentina,12.31930084,909.5145982,0.195265833,-0.401644387,IND,-0.67450678,2,-0.490958336,-0.248890278,-0.135178089
Kenya,45.48948563,923.3494388,0.480938165,0.647650567,IND,-0.423007918,2,1.549558321,-0.228810684,1.844623711
Ukraine,583.1026979,924.7278771,0.223941983,-0.215542043,IND,3.653216301,2,-0.286128693,-0.226810048,0.215958409
Greece,79.81261579,934.3513596,0.310053413,0.111893459,IND,-0.162767338,2,0.32895295,-0.212842729,0.833761243
Moldova,109.8888483,945.2949931,0.246722352,-0.132903531,IND,0.065272942,2,-0.123411771,-0.196959371,0.37188013
Tanzania,32.56832838,958.8930389,0.402640661,0.5458693,IND,-0.520977114,2,0.990290436,-0.177223456,1.652583585
Estonia,32.37388783,990.0564197,0.221713015,-0.495353602,IND,-0.522451377,2,-0.302049893,-0.131993585,-0.311987928
Belarus,48.36635533,995.1599367,0.240870855,-0.345644221,IND,-0.401195274,2,-0.165208179,-0.124586449,-0.029517398
Lithuania,53.77494079,1007.105133,0.226623284,-0.380672168,IND,-0.360186968,2,-0.266976543,-0.107249444,-0.095607864
Czech,133.493128,1013.710573,0.22193252,-0.174903635,IND,0.244242384,2,-0.300482,-0.097662448,0.292634651
Ecuador,41.41130645,1013.878947,0.645444676,0.463345988,IND,-0.453928983,2,2.724604829,-0.097418074,1.496879223
Senegal,44.43560758,1022.921424,0.259633101,0.868779908,IND,-0.430998502,2,-0.031192136,-0.084294015,2.261848883
Denmark,123.7791175,1030.782435,0.203380208,-0.414451641,IND,0.170590018,2,-0.432998514,-0.07288471,-0.159342719
Latvia,36.7512687,1037.978668,0.217802027,-0.437761022,IND,-0.489261743,2,-0.329985521,-0.06244025,-0.203322683
Slovak,111.8027003,1054.193859,0.255794215,-0.129685547,IND,0.079783913,2,-0.05861275,-0.038905865,0.377951798
Germany,234.5561044,1072.182973,0.21265666,-0.25675903,IND,1.010509549,2,-0.366738143,-0.012796846,0.138190509
Zimbabwe,27.23709149,1072.182973,0.406623681,0.17924034,IND,-0.561398958,2,1.018740579,-0.012796846,0.96083083
Bulgaria,75.94177846,1103.920585,0.262256971,0.034569062,IND,-0.192116321,2,-0.012450207,0.033266451,0.687866155
Ethiopia,53.79828138,1112.713112,0.446775359,0.461761993,IND,-0.360009998,2,1.305538279,0.046027739,1.493890553
Georgia,61.6770304,1179.228429,0.34286938,-0.032963779,IND,-0.300272724,2,0.563352714,0.14256666,0.5604457
Italy,193.8147726,1184.014513,0.250701585,0.068557494,IND,0.701605676,2,-0.094988679,0.149513081,0.751995272
France,108.0705955,1196.032712,0.224269241,-0.234456011,IND,0.051486811,2,-0.283791136,0.166956041,0.180271677
Netherlands,452.7128358,1238.643433,0.20635062,-0.33638391,IND,2.66459046,2,-0.411781286,0.228800338,-0.012045113
Bosnia,74.78592516,1256.693158,0.261843273,0.049327846,IND,-0.200880088,2,-0.015405193,0.254997327,0.715712917
Belgium,335.0447855,1275.673932,0.204997043,-0.303679712,IND,1.772422363,2,-0.421449693,0.28254562,0.049660921
Chile,18.38931862,1282.836617,0.19989487,-0.563658147,IND,-0.628483444,2,-0.457893786,0.292941389,-0.440864428
Portugal,109.5255499,1290.494259,0.236797354,-0.074423537,IND,0.062518386,2,-0.194304614,0.304055528,0.482219742
UK,100.6377459,1309.115534,0.203514965,-0.452536663,IND,-0.004869619,2,-0.432035964,0.331082052,-0.231201251
Slovenia,99.64947212,1326.702271,0.275612087,-0.029987213,IND,-0.012362786,2,0.082943479,0.35660707,0.566061862
Ireland,54.10696727,1335.514097,0.150386404,-0.466579878,IND,-0.357669518,2,-0.811525686,0.369396367,-0.257697883
Lebanon,307.6253383,1372.462252,0.273429088,0.270884954,IND,1.564526032,2,0.067350629,0.423022136,1.133745196
Mozambique,20.43335938,1440.177101,0.422182503,0.317076526,IND,-0.612985371,2,1.129875021,0.521302033,1.220899106
Croatia,79.75773099,1457.685379,0.257212969,0.017650141,IND,-0.163183479,2,-0.048478793,0.546713177,0.655943662
"Korea, Rep.",448.5949727,1459.809622,0.248215779,0.236676852,IND,2.633368509,2,-0.112744436,0.549796258,1.069201608
Albania,107.1078239,1518.907059,0.334119864,0.117674898,IND,0.044187004,2,0.500856171,0.635569026,0.844669619
Cote d'Ivoire,41.83683318,1568.223059,0.407028325,0.85662383,IND,-0.450702607,2,1.021630893,0.707145224,2.238912887
Zambia,12.09536149,1572.020813,0.440223499,0.307706296,IND,-0.676204705,2,1.258739279,0.712657203,1.203219426
India,309.5031393,1584.294082,0.322932237,0.631613106,IND,1.578763661,2,0.42094455,0.730470366,1.814364351
Paraguay,11.30483614,1590.859014,0.319197559,-0.032060544,IND,-0.682198528,2,0.394268279,0.739998569,0.562149917
Uruguay,17.93846689,1591.794373,0.292241798,-0.098797265,IND,-0.631901836,2,0.201727129,0.741356129,0.436231575
NewZeland,13.68483916,1620.191775,0.171352307,-0.647060452,IND,-0.664153164,2,-0.661769236,0.782571517,-0.598227268
Cuba,98.74209716,1620.484585,0.310692385,-0.044558597,IND,-0.019242572,2,0.333517036,0.782996495,0.538568685
Ghana,71.052087,1661.094768,0.406375254,0.882403066,IND,-0.229190333,2,1.0169661,0.841937254,2.287552955
Thailand,110.7630696,1671.720775,0.410130389,0.368540122,IND,0.071901354,2,1.043788493,0.857359615,1.31800023
Angola,10.38207955,1675.244004,0.341701713,0.322716988,IND,-0.689194939,2,0.555012236,0.862473155,1.231541487
Honduras,47.04222987,1701.372044,0.501834386,0.126410951,IND,-0.411234894,2,1.698817043,0.900394839,0.861152738
Dominican,155.8210086,1710.822667,0.350920334,0.018373519,IND,0.413534071,2,0.620859529,0.914111273,0.657308526
Japan,335.6855782,1842.29883,0.32252876,-0.017463315,IND,1.777280902,2,0.418062571,1.10493299,0.589691858
Nigeria,116.3514911,1901.461908,0.399823076,0.724099667,IND,0.114273191,2,0.970164829,1.190801028,1.988867296
Cambodia,73.14517241,1935.215652,0.45145094,0.379479052,IND,-0.2133204,2,1.338935286,1.239790496,1.338639721
Cameroon,28.49808281,1941.559828,0.434707912,0.787543961,IND,-0.551838026,2,1.219342229,1.248998299,2.108573511
Jamaica,222.5533678,1967.932276,0.330592987,0.017029639,IND,0.919503888,2,0.475664193,1.287274711,0.654772904
Peru,17.66665959,2047.609092,0.702440492,0.046478681,IND,-0.633962699,2,3.1317178,1.402915954,0.710337134
Gabon,4.076999554,2059.548981,0.46962533,0.720932918,IND,-0.737000534,2,1.468752357,1.420245255,1.982892298
"Congo, Rep.",7.774477892,2092.672407,0.398204069,0.676263546,IND,-0.708965972,2,0.958600493,1.468319894,1.898610464
"Venezuela, RB",23.88256386,2093.274673,0.616784714,0.153711475,IND,-0.586833241,2,2.519890814,1.46919401,0.91266316
El Salvador,254.9056016,2115.279684,0.516234072,0.205054962,IND,1.164800983,2,1.801671943,1.501131617,1.009537664
Mauritius,537.1543596,2167.707811,0.294810508,0.420760192,IND,3.304832509,2,0.220075057,1.577224689,1.416528664
Vietnam,213.5867642,2183.038829,0.543831486,0.458650326,IND,0.851518418,2,1.998796329,1.599475804,1.488019483
Bangladesh,869.0199231,2198.619739,0.320605595,0.593183028,IND,5.821062424,2,0.404325679,1.622089607,1.74185477
Indonesia,103.5736148,2202.865384,0.471790278,0.239905394,IND,0.017390362,2,1.484216271,1.628251646,1.075293196
Philippines,223.0289942,2251.59553,0.428032621,0.099698159,IND,0.923110124,2,1.171661579,1.698977547,0.810751243
SriLanka,273.664886,2275.553752,0.38708938,0.319006717,IND,1.307035302,2,0.879209857,1.733750003,1.224540975
Costa,64.98070212,2276.995412,0.671386322,0.252832994,IND,-0.275224034,2,2.9099023,1.735842398,1.099684894
Trinidad,234.7974025,2280.82583,0.570301145,0.274219,IND,1.012339089,2,2.187865321,1.741401785,1.140035849
Brazil,18.59530612,2323.892851,0.498686321,-0.147591412,IND,-0.626921631,2,1.676330864,1.803908347,0.344167147
Malaysia,60.19439705,2401.650179,0.676646706,0.129857239,IND,-0.311514163,2,2.947476471,1.916763685,0.867655168
Singapore,47.57906034,2419.264405,0.559055368,0.1519644,IND,-0.407164604,2,2.107538343,1.942328599,0.909366792
Colombia,32.08842726,2422.341093,0.594170252,0.217334614,IND,-0.524615761,2,2.358358943,1.946794039,1.032706819
Panama,36.20202554,2481.253374,0.660436393,0.303422472,IND,-0.493426146,2,2.831688521,2.032298075,1.19513674
Nicaragua,35.99604163,2483.315949,0.527375548,0.143002934,IND,-0.494987932,2,1.881253914,2.035291653,0.892458366
Guatemala,94.04820455,2520.714009,0.619933941,0.203333908,IND,-0.054832023,2,2.542385293,2.089570405,1.006290392
Bolivia,6.765057002,2530.221175,0.596560747,-0.024250017,IND,-0.716619478,2,2.375433907,2.103368904,0.57688676
